meta	version	2026-10-04T21:14:20Z
meta	cache_bust	20261004_211412
meta	manifest_tsv_url	https://PuchiryuuVRC.github.io/VRC-XPostDisplay-Public/manifest.tsv?v=20261004_211412
meta	manifest_json_url	https://PuchiryuuVRC.github.io/VRC-XPostDisplay-Public/manifest.json?v=20261004_211412
meta	atlas_url_source	inspector_fixed
meta	manifest_atlas_urls	compatibility_only
meta	latest_count	24
meta	visible_cards	4
meta	page_display_seconds	20
meta	fade_seconds	1
meta	card_width	640
meta	card_height	800
meta	atlas_width	2048
meta	atlas_height	2048
meta	atlas_cols	3
meta	atlas_rows	2
meta	cards_per_atlas	6
meta	tile_padding	8
atlas	0	https://PuchiryuuVRC.github.io/VRC-XPostDisplay-Public/atlases/atlas_001.png	3	2	6
atlas	1	https://PuchiryuuVRC.github.io/VRC-XPostDisplay-Public/atlases/atlas_002.png	3	2	6
atlas	2	https://PuchiryuuVRC.github.io/VRC-XPostDisplay-Public/atlases/atlas_003.png	3	2	6
atlas	3	https://PuchiryuuVRC.github.io/VRC-XPostDisplay-Public/atlases/atlas_004.png	3	2	6
card	2106821659303059723	1983935646625624065	tofu10f_vrc	0	0	8	8	640	800
card	2106420361445482664	2062199293302444032	Tsukemono_n	0	1	664	8	640	800
card	2105857817928520061	1821212184422313986	yashino009	0	2	1320	8	640	800
card	2105657302649057764	1898159374130200576	VRCQD	0	3	8	824	640	800
card	2105613068667621379	2036324547608387584	Nayutama_omochi	0	4	664	824	640	800
card	2105500453983150128	1839640943475245056	rindouVRC1	0	5	1320	824	640	800
card	2105482691995127953	1876656819294330880	citr_vrc	1	0	8	8	640	800
card	2105473901052711202	1931135408169172992	2camellia_vrc	1	1	664	8	640	800
card	2105471874369257519	2853023953	MMOgamesEnjoy	1	2	1320	8	640	800
card	2105471137505558773	1931135408169172992	2camellia_vrc	1	3	8	824	640	800
card	2105456772358238514	1857831857745965058	rara_vrchat	1	4	664	824	640	800
card	2105452321274814688	1557044820505288705	Hitsugi_Rei	1	5	1320	824	640	800
card	2105447602414133459	2004848265058308096	Aki147_1993	2	0	8	8	640	800
card	2105428565961646343	2062199293302444032	Tsukemono_n	2	1	664	8	640	800
card	2105420930826768588	2033493273030127616	Apoja_J	2	2	1320	8	640	800
card	2105338905323339895	1821417314421813248	RhoF_Sugar	2	3	8	824	640	800
card	2105315082943209483	1564992996113756161	kudagithune	2	4	664	824	640	800
card	2105309926344270265	1075904666477756417	yumi_feino	2	5	1320	824	640	800
card	2105215863444115842	996965423278014466	enjoy_yomi	3	0	8	8	640	800
card	2105138062829171094	1839640943475245056	rindouVRC1	3	1	664	8	640	800
card	2105058705729564845	1157321796875460608	Tetora_teto_s	3	2	1320	8	640	800
card	2105009720910303349	1983935646625624065	tofu10f_vrc	3	3	8	824	640	800
card	2105006304934953194	2062199293302444032	Tsukemono_n	3	4	664	824	640	800
card	2104899440213692603	2004848265058308096	Aki147_1993	3	5	1320	824	640	800
